visit_id,customer_id,store_id,create_at
"1","19","4","2025-05-24T14:19:25.285Z"
"2","8","5","2025-05-24T17:30:26.388Z"
"3","14","24","2025-05-23T21:13:20.917Z"
"4","10","14","2025-05-24T15:38:30.114Z"
"5","11","18","2025-05-24T07:37:19.644Z"
"6","14","15","2025-05-24T09:49:50.437Z"
"7","5","6","2025-05-24T07:53:40.713Z"
"8","11","20","2025-05-24T17:53:59.592Z"
"9","5","5","2025-05-23T23:36:56.947Z"
"10","5","17","2025-05-24T17:58:09.683Z"
"11","11","16","2025-05-23T21:41:09.874Z"
"12","12","23","2025-05-24T09:37:00.948Z"
"13","11","6","2025-05-24T16:23:08.895Z"
"14","16","21","2025-05-24T14:41:31.151Z"
"15","19","1","2025-05-24T11:40:31.839Z"
"16","7","19","2025-05-24T18:22:30.064Z"
"17","10","25","2025-05-24T20:39:48.753Z"
"18","17","14","2025-05-24T10:45:38.385Z"
"19","2","17","2025-05-24T02:17:52.700Z"
"20","3","21","2025-05-24T01:14:08.163Z"
"21","14","24","2025-05-24T18:39:39.189Z"
"22","11","20","2025-05-24T08:49:41.357Z"
"23","18","24","2025-05-24T13:30:54.247Z"
"24","20","11","2025-05-24T11:38:00.323Z"
"25","8","20","2025-05-24T12:31:47.541Z"
"26","1","19","2025-05-23T20:57:23.752Z"
"27","3","19","2025-05-23T23:26:10.189Z"
"28","17","19","2025-05-24T00:53:23.376Z"
"29","13","5","2025-05-24T01:44:27.180Z"
"30","7","1","2025-05-24T09:25:37.438Z"
"31","5","21","2025-05-24T19:47:51.585Z"
"32","17","6","2025-05-24T05:47:39.452Z"
"33","14","6","2025-05-24T03:24:37.899Z"
"34","14","25","2025-05-24T18:43:32.244Z"
"35","8","18","2025-05-24T14:33:31.349Z"
"36","8","17","2025-05-23T23:54:47.843Z"
"37","17","13","2025-05-24T11:57:41.225Z"
"38","8","1","2025-05-24T16:44:34.626Z"
"39","19","2","2025-05-24T08:34:42.136Z"
"40","15","6","2025-05-24T07:24:11.759Z"
"41","9","1","2025-05-24T20:48:30.300Z"
"42","11","9","2025-05-24T11:29:29.948Z"
"43","5","5","2025-05-24T11:43:51.149Z"
"44","10","26","2025-05-24T18:35:54.300Z"
"45","15","13","2025-05-24T18:19:13.423Z"
"46","6","14","2025-05-24T08:34:51.684Z"
"47","6","9","2025-05-24T08:25:08.644Z"
"48","12","16","2025-05-24T13:39:10.899Z"
"49","12","7","2025-05-24T10:18:27.011Z"
"50","17","18","2025-05-24T11:09:12.600Z"
"51","1","19","2025-05-24T03:18:54.649Z"
"52","12","6","2025-05-24T07:47:56.415Z"
"53","20","1","2025-05-24T04:38:44.992Z"
"54","5","3","2025-05-23T21:22:35.717Z"
"55","3","16","2025-05-23T21:52:14.704Z"
"56","1","14","2025-05-24T05:00:03.332Z"
"57","6","1","2025-05-24T05:35:25.176Z"
"58","15","11","2025-05-24T06:05:19.929Z"
"59","6","15","2025-05-24T00:31:00.129Z"
"60","18","12","2025-05-24T11:38:20.970Z"
"61","13","23","2025-05-24T11:39:53.430Z"
"62","12","5","2025-05-24T20:36:30.361Z"
"63","5","24","2025-05-24T11:17:37.600Z"
"64","19","20","2025-05-24T08:09:03.745Z"
"65","8","8","2025-05-24T14:41:11.580Z"
"66","1","23","2025-05-24T01:43:12.878Z"
"67","17","17","2025-05-24T12:32:20.103Z"
"68","2","6","2025-05-24T05:59:40.749Z"
"69","12","17","2025-05-24T20:13:06.508Z"
"70","5","12","2025-05-24T10:42:20.846Z"
"71","14","22","2025-05-24T11:09:41.264Z"
"72","8","20","2025-05-24T08:43:08.292Z"
"73","13","17","2025-05-24T18:05:33.898Z"
"74","6","15","2025-05-24T15:14:21.404Z"
"75","11","12","2025-05-24T09:29:08.810Z"
"76","4","24","2025-05-24T07:22:50.606Z"
"77","15","19","2025-05-23T22:18:40.291Z"
"78","1","7","2025-05-24T16:49:20.538Z"
"79","15","18","2025-05-24T06:35:40.506Z"
"80","5","6","2025-05-23T21:28:31.033Z"
"81","4","11","2025-05-24T09:04:00.978Z"
"82","18","22","2025-05-24T10:49:58.914Z"
"83","5","24","2025-05-24T11:03:12.160Z"
"84","7","1","2025-05-24T06:07:18.863Z"
"85","20","13","2025-05-24T01:59:30.327Z"
"86","13","24","2025-05-24T04:43:08.268Z"
"87","7","5","2025-05-24T10:19:10.161Z"
"88","2","18","2025-05-24T12:53:53.155Z"
"89","12","22","2025-05-24T05:19:01.175Z"
"90","18","2","2025-05-24T17:35:45.647Z"
"91","20","11","2025-05-24T01:59:13.203Z"
"92","17","19","2025-05-23T23:22:41.512Z"
"93","9","6","2025-05-24T12:19:22.447Z"
"94","16","13","2025-05-23T22:13:51.507Z"
"95","17","10","2025-05-24T18:31:25.019Z"
"96","19","20","2025-05-24T15:58:54.945Z"
"97","14","15","2025-05-24T06:45:18.531Z"
"98","11","23","2025-05-24T16:31:11.707Z"
"99","20","23","2025-05-24T00:42:45.364Z"
"100","17","5","2025-05-23T23:29:09.463Z"
"101","5","1","2025-05-24T18:14:36.868Z"
"102","18","4","2025-05-23T20:56:00.621Z"
"103","8","14","2025-05-23T21:56:40.920Z"
"104","11","3","2025-05-24T06:59:12.160Z"
"105","4","15","2025-05-24T03:57:13.936Z"
"106","6","3","2025-05-24T04:24:41.277Z"
"107","7","8","2025-05-24T18:20:32.703Z"
"108","18","7","2025-05-24T07:25:58.593Z"
"109","9","11","2025-05-24T18:12:57.500Z"
"110","13","5","2025-05-23T22:47:00.835Z"
"111","1","15","2025-05-24T18:52:20.044Z"
"112","7","11","2025-05-24T15:26:22.487Z"
"113","14","12","2025-05-24T14:50:30.292Z"
"114","12","26","2025-05-24T04:30:14.181Z"
"115","19","7","2025-05-23T22:55:44.524Z"
"116","9","12","2025-05-23T22:47:10.147Z"
"117","9","25","2025-05-24T06:23:23.615Z"
"118","5","23","2025-05-23T23:40:08.147Z"
"119","16","20","2025-05-24T02:45:17.843Z"
"120","19","7","2025-05-24T16:37:41.113Z"
"121","9","24","2025-05-23T22:26:33.588Z"
"122","18","14","2025-05-24T02:21:14.956Z"
"123","13","26","2025-05-24T16:38:14.625Z"
"124","8","25","2025-05-24T01:38:52.659Z"
"125","4","16","2025-05-24T04:22:11.697Z"
"126","19","26","2025-05-24T06:04:37.578Z"
"127","9","18","2025-05-24T15:37:15.307Z"
"128","6","3","2025-05-24T16:51:33.509Z"
"129","11","15","2025-05-24T00:27:43.247Z"
"130","5","26","2025-05-24T09:12:27.809Z"
"131","10","18","2025-05-24T12:30:46.401Z"
"132","11","9","2025-05-24T18:21:07.901Z"
"133","12","22","2025-05-24T10:35:50.962Z"
"134","18","23","2025-05-23T21:12:35.799Z"
"135","17","16","2025-05-24T10:57:16.214Z"
"136","2","13","2025-05-24T15:39:20.628Z"
"137","5","1","2025-05-24T14:40:01.408Z"
"138","15","8","2025-05-24T14:42:30.551Z"
"139","2","17","2025-05-24T02:11:43.980Z"
"140","13","3","2025-05-24T04:01:45.693Z"
"141","13","24","2025-05-24T06:09:46.862Z"
"142","7","22","2025-05-24T15:22:57.426Z"
"143","7","5","2025-05-24T20:40:42.395Z"
"144","1","9","2025-05-24T01:26:13.705Z"
"145","16","25","2025-05-24T13:10:03.963Z"
"146","16","11","2025-05-24T12:03:29.834Z"
"147","12","20","2025-05-24T11:50:35.433Z"
"148","3","20","2025-05-24T17:40:07.693Z"
"149","6","1","2025-05-24T12:42:38.973Z"
"150","10","17","2025-05-23T22:37:36.607Z"
"151","16","9","2025-05-24T08:44:48.113Z"
"152","5","10","2025-05-24T16:43:12.641Z"
"153","10","12","2025-05-24T09:17:03.732Z"
"154","7","2","2025-05-24T16:29:36.646Z"
"155","20","11","2025-05-24T01:01:52.263Z"
"156","12","8","2025-05-24T14:15:48.753Z"
"157","8","19","2025-05-24T02:50:38.053Z"
"158","5","21","2025-05-24T19:25:01.889Z"
"159","19","25","2025-05-24T08:22:40.168Z"
"160","2","12","2025-05-24T12:58:57.495Z"
"161","17","24","2025-05-24T04:54:16.724Z"
"162","9","12","2025-05-24T09:18:16.076Z"
"163","14","19","2025-05-23T21:55:52.003Z"
"164","11","2","2025-05-24T07:34:11.534Z"
"165","18","21","2025-05-24T00:31:50.160Z"
"166","4","2","2025-05-24T09:26:18.411Z"
"167","11","15","2025-05-24T03:00:48.599Z"
"168","12","21","2025-05-24T01:32:54.394Z"
"169","19","22","2025-05-24T16:18:25.452Z"
"170","8","14","2025-05-24T19:55:50.419Z"
"171","4","22","2025-05-24T13:10:10.469Z"
"172","7","2","2025-05-24T20:42:05.680Z"
"173","4","10","2025-05-24T03:21:51.186Z"
"174","4","5","2025-05-24T20:44:24.117Z"
"175","19","12","2025-05-23T23:57:50.891Z"
"176","13","7","2025-05-24T04:56:00.302Z"
"177","8","14","2025-05-24T07:11:58.533Z"
"178","17","18","2025-05-24T04:03:28.075Z"
"179","20","4","2025-05-24T20:28:53.643Z"
"180","13","26","2025-05-24T09:33:42.592Z"
"181","17","2","2025-05-24T07:15:18.964Z"
"182","9","23","2025-05-24T19:09:22.710Z"
"183","6","6","2025-05-23T23:22:08.384Z"
"184","11","22","2025-05-24T06:32:29.011Z"
"185","19","9","2025-05-24T20:27:51.095Z"
"186","10","14","2025-05-24T14:13:50.472Z"
"187","7","19","2025-05-24T01:09:41.575Z"
"188","18","10","2025-05-24T02:22:27.260Z"
"189","6","8","2025-05-24T04:33:48.820Z"
"190","11","2","2025-05-24T04:43:19.057Z"
"191","4","23","2025-05-24T11:03:54.640Z"
"192","4","7","2025-05-24T11:44:12.169Z"
"193","20","24","2025-05-24T05:12:21.376Z"
"194","10","9","2025-05-24T07:01:39.816Z"
"195","4","16","2025-05-24T09:05:15.000Z"
"196","18","16","2025-05-24T14:04:04.385Z"
"197","1","10","2025-05-24T00:52:34.384Z"
"198","15","5","2025-05-23T21:12:05.957Z"
"199","2","10","2025-05-24T03:57:35.293Z"
"200","6","8","2025-05-24T06:19:54.201Z"
"201","10","6","2025-05-24T04:29:52.487Z"
"202","20","16","2025-05-24T06:34:15.247Z"
"203","5","9","2025-05-24T20:14:26.234Z"
"204","18","14","2025-05-24T19:32:15.627Z"
"205","2","23","2025-05-23T22:58:00.722Z"
"206","20","2","2025-05-24T20:19:07.854Z"
"207","14","1","2025-05-24T06:26:32.418Z"
"208","6","11","2025-05-24T20:48:41.957Z"
"209","16","14","2025-05-24T19:28:45.309Z"
"210","14","19","2025-05-24T02:26:43.118Z"
"211","8","15","2025-05-24T11:49:51.794Z"
"212","7","19","2025-05-24T11:56:00.400Z"
"213","15","20","2025-05-24T01:27:43.807Z"
"214","19","23","2025-05-24T14:41:13.230Z"
"215","16","12","2025-05-24T01:16:00.661Z"
"216","16","4","2025-05-24T15:37:10.889Z"
"217","6","3","2025-05-24T15:48:51.804Z"
"218","5","14","2025-05-24T03:34:05.925Z"
"219","6","22","2025-05-24T16:28:31.105Z"
"220","15","10","2025-05-24T08:50:00.099Z"
"221","18","14","2025-05-24T20:07:52.895Z"
"222","10","21","2025-05-24T02:02:57.475Z"
"223","6","1","2025-05-24T19:44:47.005Z"
"224","2","12","2025-05-24T20:00:25.856Z"
"225","6","26","2025-05-24T16:07:38.607Z"
"226","17","20","2025-05-24T17:40:42.657Z"
"227","14","4","2025-05-24T20:00:10.502Z"
"228","15","9","2025-05-24T13:14:53.733Z"
"229","19","1","2025-05-23T23:45:05.259Z"
"230","12","3","2025-05-24T02:25:03.313Z"
"231","19","24","2025-05-24T09:19:19.107Z"
"232","17","22","2025-05-24T12:38:48.712Z"
"233","6","2","2025-05-24T11:04:39.774Z"
"234","5","5","2025-05-24T07:14:22.069Z"
"235","19","20","2025-05-24T03:15:33.677Z"
"236","9","20","2025-05-24T13:19:19.434Z"
"237","3","5","2025-05-24T14:59:24.090Z"
"238","3","16","2025-05-24T01:43:54.282Z"
"239","15","22","2025-05-24T11:34:26.015Z"
"240","6","10","2025-05-24T03:31:01.881Z"
"241","18","26","2025-05-24T06:31:29.026Z"
"242","11","3","2025-05-23T22:28:02.474Z"
"243","17","6","2025-05-24T07:51:23.134Z"
"244","2","25","2025-05-24T15:00:05.972Z"
"245","8","1","2025-05-23T23:40:22.027Z"
"246","16","3","2025-05-24T00:35:33.698Z"
"247","12","5","2025-05-24T16:46:55.288Z"
"248","16","20","2025-05-23T23:02:07.237Z"
"249","5","6","2025-05-24T06:49:10.727Z"
"250","3","3","2025-05-24T15:44:16.423Z"
"251","2","12","2025-05-24T17:51:40.703Z"
"252","16","11","2025-05-24T05:22:15.664Z"
"253","18","19","2025-05-24T11:36:12.288Z"
"254","5","24","2025-05-24T07:34:20.183Z"
"255","19","3","2025-05-24T05:12:54.729Z"
"256","19","14","2025-05-23T21:17:58.869Z"
"257","15","13","2025-05-24T04:37:33.424Z"
"258","2","4","2025-05-24T15:15:14.615Z"
"259","6","26","2025-05-24T05:36:20.797Z"
"260","13","4","2025-05-24T09:05:48.010Z"
"261","13","23","2025-05-24T13:03:14.727Z"
"262","9","1","2025-05-24T15:07:00.935Z"
"263","3","3","2025-05-23T22:04:52.061Z"
"264","6","23","2025-05-24T05:01:14.978Z"
"265","9","15","2025-05-23T22:46:56.913Z"
"266","8","9","2025-05-24T09:39:51.821Z"
"267","15","13","2025-05-24T14:37:35.689Z"
"268","13","6","2025-05-24T08:20:52.201Z"
"269","16","14","2025-05-24T01:55:52.008Z"
"270","18","2","2025-05-24T17:48:23.336Z"
"271","7","7","2025-05-24T12:19:05.977Z"
"272","5","11","2025-05-24T14:46:28.739Z"
"273","3","22","2025-05-24T02:55:20.919Z"
"274","12","13","2025-05-24T00:23:47.490Z"
"275","15","26","2025-05-24T11:16:38.507Z"
"276","16","18","2025-05-24T11:32:51.499Z"
"277","9","9","2025-05-24T05:12:12.995Z"
"278","4","4","2025-05-23T22:34:41.192Z"
"279","14","11","2025-05-24T06:28:32.660Z"
"280","1","2","2025-05-24T20:46:14.408Z"
"281","3","21","2025-05-24T18:30:15.275Z"
"282","9","9","2025-05-24T09:04:05.520Z"
"283","12","15","2025-05-23T21:33:04.339Z"
"284","5","25","2025-05-24T03:32:03.179Z"
"285","16","26","2025-05-24T11:13:55.231Z"
"286","16","7","2025-05-24T11:19:00.138Z"
"287","2","1","2025-05-24T12:18:41.917Z"
"288","11","3","2025-05-24T04:57:24.197Z"
"289","15","16","2025-05-24T02:39:45.283Z"
"290","7","12","2025-05-23T23:51:59.178Z"
"291","12","20","2025-05-24T15:13:33.634Z"
"292","16","18","2025-05-24T14:33:08.880Z"
"293","13","25","2025-05-24T13:50:25.593Z"
"294","3","13","2025-05-23T23:13:59.969Z"
"295","2","7","2025-05-24T12:10:04.858Z"
"296","1","15","2025-05-24T07:43:48.076Z"
"297","1","1","2025-05-24T08:04:26.052Z"
"298","14","2","2025-05-24T00:46:12.807Z"
"299","3","22","2025-05-24T00:28:15.567Z"
"300","17","24","2025-05-24T20:47:11.688Z"
"301","20","6","2025-05-23T23:24:21.745Z"
"302","7","25","2025-05-24T00:42:34.473Z"
"303","11","26","2025-05-23T21:04:16.126Z"
"304","6","22","2025-05-24T12:34:41.079Z"
"305","13","19","2025-05-24T06:32:42.328Z"
"306","15","26","2025-05-24T06:47:23.756Z"
"307","14","9","2025-05-23T21:09:56.533Z"
"308","1","21","2025-05-24T06:42:01.277Z"
"309","12","17","2025-05-24T16:14:42.263Z"
"310","9","6","2025-05-24T19:37:31.419Z"
"311","20","22","2025-05-24T03:02:03.573Z"
"312","20","7","2025-05-24T19:38:21.452Z"
"313","13","25","2025-05-24T00:05:06.095Z"
"314","4","10","2025-05-23T21:30:12.909Z"
"315","17","13","2025-05-24T19:02:26.046Z"
"316","11","9","2025-05-24T20:44:07.084Z"
"317","1","24","2025-05-24T08:24:04.401Z"
"318","11","11","2025-05-24T02:04:50.792Z"
"319","20","9","2025-05-24T13:56:03.580Z"
"320","10","14","2025-05-24T16:04:28.768Z"
"321","13","12","2025-05-24T10:19:25.936Z"
"322","9","3","2025-05-23T21:23:02.616Z"
"323","8","8","2025-05-24T17:31:47.655Z"
"324","7","16","2025-05-24T03:58:21.643Z"
"325","17","7","2025-05-24T11:04:03.147Z"
"326","1","18","2025-05-24T09:44:58.338Z"
"327","5","5","2025-05-24T03:39:35.700Z"
"328","1","26","2025-05-24T20:22:51.521Z"
"329","13","2","2025-05-24T01:49:51.901Z"
"330","5","26","2025-05-23T21:11:14.503Z"
"331","1","18","2025-05-24T18:16:01.513Z"
"332","4","14","2025-05-24T07:50:43.251Z"
"333","13","11","2025-05-23T20:59:11.528Z"
"334","3","21","2025-05-24T00:58:36.738Z"
"335","3","9","2025-05-24T09:29:30.569Z"
"336","16","10","2025-05-24T20:00:48.869Z"
"337","16","11","2025-05-24T11:54:40.449Z"
"338","3","6","2025-05-24T13:10:33.672Z"
"339","9","18","2025-05-24T17:52:10.402Z"
"340","11","11","2025-05-24T00:25:59.625Z"
"341","4","5","2025-05-24T11:54:31.188Z"
"342","6","2","2025-05-24T09:02:30.231Z"
"343","6","15","2025-05-24T14:46:37.638Z"
"344","17","14","2025-05-24T02:22:10.022Z"
"345","14","21","2025-05-24T12:26:52.971Z"
"346","20","10","2025-05-24T09:57:15.348Z"
"347","19","26","2025-05-24T05:10:53.782Z"
"348","12","4","2025-05-24T14:58:51.531Z"
"349","18","18","2025-05-23T23:57:52.436Z"
"350","18","19","2025-05-24T06:30:38.986Z"
"351","10","2","2025-05-24T07:11:43.265Z"
"352","3","5","2025-05-24T07:14:34.902Z"
"353","9","16","2025-05-24T03:51:13.252Z"
"354","17","24","2025-05-24T14:16:31.716Z"
"355","1","7","2025-05-24T03:15:18.322Z"
"356","16","18","2025-05-24T17:48:56.986Z"
"357","12","17","2025-05-24T16:54:41.861Z"
"358","1","1","2025-05-24T04:19:32.513Z"
"359","11","22","2025-05-24T15:28:11.586Z"
"360","18","9","2025-05-24T17:22:50.502Z"
"361","7","26","2025-05-23T21:42:08.966Z"
"362","19","4","2025-05-24T17:56:30.963Z"
"363","3","2","2025-05-24T03:33:11.447Z"
"364","13","11","2025-05-23T23:00:59.227Z"
"365","12","23","2025-05-24T16:02:37.911Z"
"366","12","6","2025-05-24T19:54:42.944Z"
"367","6","8","2025-05-24T07:20:39.601Z"
"368","8","4","2025-05-24T11:05:20.439Z"
"369","7","16","2025-05-24T14:31:01.899Z"
"370","17","20","2025-05-24T19:26:28.422Z"
"371","7","25","2025-05-24T17:52:57.706Z"
"372","14","12","2025-05-24T15:59:02.726Z"
"373","12","20","2025-05-24T01:11:23.681Z"
"374","15","17","2025-05-24T16:36:23.055Z"
"375","4","15","2025-05-23T22:56:49.797Z"
"376","3","24","2025-05-24T19:05:30.458Z"
"377","11","22","2025-05-23T23:25:19.839Z"
"378","7","23","2025-05-24T14:30:45.377Z"
"379","7","22","2025-05-24T15:20:55.403Z"
"380","2","23","2025-05-24T16:25:12.135Z"
"381","15","15","2025-05-24T17:32:56.563Z"
"382","6","25","2025-05-24T17:35:56.069Z"
"383","19","18","2025-05-24T20:25:19.072Z"
"384","19","14","2025-05-24T15:10:32.180Z"
"385","5","22","2025-05-24T00:18:02.782Z"
"386","5","14","2025-05-23T23:38:31.316Z"
"387","2","17","2025-05-24T14:07:46.091Z"
"388","12","5","2025-05-23T21:48:13.940Z"
"389","15","4","2025-05-24T00:13:39.864Z"
"390","18","15","2025-05-24T14:40:17.920Z"
"391","18","17","2025-05-24T18:00:26.167Z"
"392","7","3","2025-05-23T23:20:29.916Z"
"393","19","7","2025-05-24T13:24:37.245Z"
"394","2","10","2025-05-24T03:26:27.279Z"
"395","5","9","2025-05-24T05:48:36.424Z"
"396","2","9","2025-05-24T07:38:13.232Z"
"397","8","24","2025-05-24T09:36:54.038Z"
"398","20","7","2025-05-24T03:29:38.911Z"
"399","3","4","2025-05-24T08:35:13.598Z"
"400","7","22","2025-05-24T09:10:41.528Z"
"401","9","16","2025-05-24T15:50:20.897Z"
"402","4","21","2025-05-24T03:41:30.826Z"
"403","18","6","2025-05-24T04:54:05.011Z"
"404","13","8","2025-05-24T08:07:12.048Z"
"405","3","6","2025-05-23T23:06:31.830Z"
"406","6","3","2025-05-24T12:18:32.758Z"
"407","17","26","2025-05-24T19:55:47.077Z"
"408","9","7","2025-05-24T10:36:17.702Z"
"409","4","4","2025-05-24T17:21:05.149Z"
"410","18","18","2025-05-23T23:27:20.019Z"
"411","17","16","2025-05-23T22:23:48.792Z"
"412","12","4","2025-05-23T21:36:31.219Z"
"413","20","18","2025-05-24T05:53:48.322Z"
"414","19","4","2025-05-24T19:08:04.919Z"
"415","11","2","2025-05-24T10:09:10.320Z"
"416","9","25","2025-05-24T20:06:50.620Z"
"417","11","13","2025-05-24T08:00:00.156Z"
"418","7","6","2025-05-24T03:05:15.314Z"
"419","9","8","2025-05-23T22:34:25.969Z"
"420","8","12","2025-05-24T19:45:51.882Z"
"421","14","2","2025-05-23T22:30:51.720Z"
"422","13","21","2025-05-24T20:25:22.356Z"
"423","17","15","2025-05-24T11:21:45.289Z"
"424","13","18","2025-05-24T17:35:59.383Z"
"425","10","1","2025-05-24T02:27:26.650Z"
"426","5","7","2025-05-24T08:17:33.990Z"
"427","7","4","2025-05-24T06:24:09.965Z"
"428","8","19","2025-05-24T20:24:23.744Z"
"429","14","4","2025-05-24T12:33:28.737Z"
"430","5","26","2025-05-24T12:05:48.828Z"
"431","9","15","2025-05-24T13:45:23.697Z"
"432","20","7","2025-05-24T01:13:35.901Z"
"433","10","26","2025-05-24T02:11:54.940Z"
"434","13","17","2025-05-24T20:26:16.460Z"
"435","11","10","2025-05-24T12:22:25.063Z"
"436","4","11","2025-05-24T12:30:31.111Z"
"437","10","19","2025-05-24T04:35:10.935Z"
"438","13","9","2025-05-24T17:58:00.857Z"
"439","13","26","2025-05-24T11:41:44.431Z"
"440","16","26","2025-05-24T01:35:19.401Z"
"441","1","22","2025-05-24T20:48:44.761Z"
"442","1","24","2025-05-23T22:22:19.261Z"
"443","19","4","2025-05-24T05:06:39.447Z"
"444","11","26","2025-05-23T22:51:49.742Z"
"445","5","1","2025-05-24T11:32:22.333Z"
"446","7","21","2025-05-24T06:56:35.447Z"
"447","4","1","2025-05-24T12:39:08.339Z"
"448","8","21","2025-05-24T06:52:50.990Z"
"449","14","22","2025-05-24T15:00:28.676Z"
"450","6","15","2025-05-24T06:01:34.404Z"
"451","12","20","2025-05-24T03:20:49.062Z"
"452","15","13","2025-05-23T22:31:36.967Z"
"453","9","5","2025-05-24T16:16:21.574Z"
"454","15","2","2025-05-24T11:50:40.118Z"
"455","14","6","2025-05-24T05:57:55.149Z"
"456","9","15","2025-05-24T15:39:35.819Z"
"457","14","19","2025-05-24T20:07:35.442Z"
"458","3","23","2025-05-23T22:17:55.439Z"
"459","2","9","2025-05-24T13:37:58.521Z"
"460","3","24","2025-05-24T17:02:28.149Z"
"461","11","22","2025-05-24T19:07:26.114Z"
"462","10","13","2025-05-24T18:47:45.288Z"
"463","3","19","2025-05-24T12:35:37.815Z"
"464","8","3","2025-05-24T15:48:07.557Z"
"465","11","20","2025-05-24T19:55:06.563Z"
"466","20","9","2025-05-24T05:10:48.177Z"
"467","20","11","2025-05-24T09:44:34.393Z"
"468","3","1","2025-05-23T23:00:21.519Z"
"469","13","26","2025-05-23T22:14:01.906Z"
"470","18","10","2025-05-24T00:01:22.353Z"
"471","13","24","2025-05-23T20:57:41.638Z"
"472","1","4","2025-05-24T12:00:55.714Z"
"473","10","26","2025-05-24T16:09:22.524Z"
"474","19","16","2025-05-24T11:45:39.481Z"
"475","19","10","2025-05-24T00:23:17.554Z"
"476","7","17","2025-05-24T13:05:22.267Z"
"477","14","23","2025-05-24T15:31:50.347Z"
"478","16","2","2025-05-24T20:16:10.352Z"
"479","8","15","2025-05-24T11:37:28.682Z"
"480","8","12","2025-05-24T14:14:22.484Z"
"481","9","25","2025-05-24T01:29:30.507Z"
"482","7","5","2025-05-24T05:09:16.559Z"
"483","15","26","2025-05-24T01:58:37.637Z"
"484","5","3","2025-05-24T20:52:23.348Z"
"485","7","15","2025-05-23T22:33:33.866Z"
"486","17","17","2025-05-23T21:59:05.912Z"
"487","8","24","2025-05-24T00:17:45.513Z"
"488","17","8","2025-05-24T01:12:05.731Z"
"489","8","4","2025-05-23T23:49:54.569Z"
"490","9","16","2025-05-24T14:47:07.128Z"
"491","9","5","2025-05-24T17:33:32.647Z"
"492","16","6","2025-05-24T11:02:47.632Z"
"493","17","10","2025-05-24T00:18:08.525Z"
"494","2","2","2025-05-24T17:07:05.920Z"
"495","20","2","2025-05-24T19:28:58.119Z"
"496","4","7","2025-05-24T04:46:16.076Z"
"497","3","10","2025-05-24T14:35:50.358Z"
"498","13","22","2025-05-24T17:31:45.026Z"
"499","9","15","2025-05-24T18:08:02.475Z"